"Tid","LM","Ridge","Lasso","BestSubset"
"2 måneder",1144.71706668315,1160.32773934979,1077.93548071955,1989.17717206614
"10 dage",417.102541585959,411.867016626582,417.43705822834,1697.32537386241
"7 dage",357.775950788015,343.553518031929,327.12277407357,1643.91004004741
"3 dage",165.617748726053,166.045711797182,154.836905592759,399.446200330672
